experiment,qp,delta,psnr_db,ssim,pre_ber_%,post_ber_%,mask_agree_%,decryption,fec_fails,byte_exact,compressed_kb,time_s
QP sweep,18,50,49.2,0.9974,0.0,0.106,97.53,PASS,0,False,135472.1,305.1
QP sweep,23,50,49.2,0.9974,0.0,0.1786,97.35,PASS,0,False,99550.6,283.8
QP sweep,28,50,49.2,0.9974,0.0,0.6274,97.12,FAIL,28,False,73179.2,293.0
QP sweep,35,50,49.2,0.9974,0.0,29.0719,95.65,FAIL,334,False,36799.3,301.8
Δ sweep,23,30,50.45,0.9983,0.0,4.2693,97.38,FAIL,334,False,99496.2,292.8
Δ sweep,23,40,49.81,0.9979,0.0,0.347,97.37,PASS,0,False,99508.3,295.2
Δ sweep,23,50,49.2,0.9974,0.0,0.1786,97.35,PASS,0,False,99550.6,301.7
Δ sweep,23,60,48.66,0.9969,0.0,0.1308,97.33,PASS,0,False,99595.4,292.0
Δ sweep,23,70,48.18,0.9964,0.0,0.0957,97.32,PASS,0,False,99652.7,310.0
